shisetsu_id,shisetsu_bangou,syogen.kasetsu_nendo,syogen.shisetsu.meisyou,syogen.rosen.meisyou,syogen.kouzou_keishiki.joubu,syogen.kanrisya.meisyou,syogen.gyousei_kuiki.todoufuken_mei,syogen.gyousei_kuiki.shikuchouson_mei,tenken.kiroku.hantei_kubun,緯度,経度,判定,架設年度,橋名,路線,市区町村,管理者,構造上部,施設番号,構造上部_百の位,健全度
"38.00583,140.54722",BR0-042064-00019,1981,青沢橋,市道小久保平原線,321.0,白石市,宮城県,白石市,2.0,38.00583,140.54722,2,1981,青沢橋,市道小久保平原線,白石市,白石市,321.0,BR0-042064-00019,3,2
"38.02833,140.62972",BR0-042064-00025,1936,児捨川橋,市道児捨川線,321.0,白石市,宮城県,白石市,2.0,38.02833,140.62972,2,1936,児捨川橋,市道児捨川線,白石市,白石市,321.0,BR0-042064-00025,3,2
"38.01889,140.62167",BR0-042064-00027,1972,天津沢川橋,市道上畑線,321.0,白石市,宮城県,白石市,2.0,38.01889,140.62167,2,1972,天津沢川橋,市道上畑線,白石市,白石市,321.0,BR0-042064-00027,3,2
"38.01278,140.63389",BR0-042064-00028,1996,関下橋,市道郡山線,310.0,白石市,宮城県,白石市,2.0,38.01278,140.63389,2,1996,関下橋,市道郡山線,白石市,白石市,310.0,BR0-042064-00028,3,2
"37.96500,140.61694",BR0-042064-00050,1973,沼前１橋,市道沼前線,321.0,白石市,宮城県,白石市,2.0,37.965,140.61694,2,1973,沼前１橋,市道沼前線,白石市,白石市,321.0,BR0-042064-00050,3,2
"38.03750,140.61889",BR0-042064-00061,1993,西のかみ橋,市道コスモスライン,321.0,白石市,宮城県,白石市,2.0,38.0375,140.61889,2,1993,西のかみ橋,市道コスモスライン,白石市,白石市,321.0,BR0-042064-00061,3,2
"37.98528,140.61583",BR0-042064-00067,不明,無名橋１号,市道中央通り線,310.0,白石市,宮城県,白石市,1.0,37.98528,140.61583,1,不明,無名橋１号,市道中央通り線,白石市,白石市,310.0,BR0-042064-00067,3,1
"37.98917,140.61750",BR0-042064-00068,不明,無名橋2号,市道中央通り線,310.0,白石市,宮城県,白石市,2.0,37.98917,140.6175,2,不明,無名橋2号,市道中央通り線,白石市,白石市,310.0,BR0-042064-00068,3,2
"37.99111,140.61833",BR0-042064-00069,不明,無名橋3号,市道中央通り線,310.0,白石市,宮城県,白石市,1.0,37.99111,140.61833,1,不明,無名橋3号,市道中央通り線,白石市,白石市,310.0,BR0-042064-00069,3,1
"37.99194,140.61889",BR0-042064-00070,不明,無名橋4号,市道中央通り線,310.0,白石市,宮城県,白石市,1.0,37.99194,140.61889,1,不明,無名橋4号,市道中央通り線,白石市,白石市,310.0,BR0-042064-00070,3,1
"37.99583,140.62750",BR0-042064-00074,不明,無名橋2号,市道白石田中線,335.0,白石市,宮城県,白石市,1.0,37.99583,140.6275,1,不明,無名橋2号,市道白石田中線,白石市,白石市,335.0,BR0-042064-00074,3,1
"37.99861,140.63583",BR0-042064-00075,不明,無名橋１号,市道鷹の巣線,310.0,白石市,宮城県,白石市,2.0,37.99861,140.63583,2,不明,無名橋１号,市道鷹の巣線,白石市,白石市,310.0,BR0-042064-00075,3,2
"37.98630,140.60628",BR0-042064-00076,不明,無名橋３号,市道一本木通り線,335.0,白石市,宮城県,白石市,1.0,37.9863,140.60628,1,不明,無名橋３号,市道一本木通り線,白石市,白石市,335.0,BR0-042064-00076,3,1
"37.99000,140.60667",BR0-042064-00077,不明,無名橋４号,市道一本木通り線,335.0,白石市,宮城県,白石市,1.0,37.99,140.60667,1,不明,無名橋４号,市道一本木通り線,白石市,白石市,335.0,BR0-042064-00077,3,1
"37.98028,140.60889",BR0-042064-00078,不明,無名橋５号,市道一本木通り線,310.0,白石市,宮城県,白石市,1.0,37.98028,140.60889,1,不明,無名橋５号,市道一本木通り線,白石市,白石市,310.0,BR0-042064-00078,3,1
"37.97833,140.60889",BR0-042064-00079,不明,無名橋６号,市道一本木通り線,310.0,白石市,宮城県,白石市,1.0,37.97833,140.60889,1,不明,無名橋６号,市道一本木通り線,白石市,白石市,310.0,BR0-042064-00079,3,1
"37.93611,140.60250",BR0-042064-00081,不明,無名橋５号,市道原線,310.0,白石市,宮城県,白石市,1.0,37.93611,140.6025,1,不明,無名橋５号,市道原線,白石市,白石市,310.0,BR0-042064-00081,3,1
"37.93500,140.60361",BR0-042064-00082,不明,無名橋６号,市道原線,310.0,白石市,宮城県,白石市,1.0,37.935,140.60361,1,不明,無名橋６号,市道原線,白石市,白石市,310.0,BR0-042064-00082,3,1
"37.93222,140.60528",BR0-042064-00085,不明,無名橋１号,市道越河線,310.0,白石市,宮城県,白石市,1.0,37.93222,140.60528,1,不明,無名橋１号,市道越河線,白石市,白石市,310.0,BR0-042064-00085,3,1
"37.92750,140.59667",BR0-042064-00087,不明,無名橋１号,市道越河小原線,310.0,白石市,宮城県,白石市,1.0,37.9275,140.59667,1,不明,無名橋１号,市道越河小原線,白石市,白石市,310.0,BR0-042064-00087,3,1
"37.92778,140.59667",BR0-042064-00088,不明,無名橋２号,市道越河小原線,310.0,白石市,宮城県,白石市,1.0,37.92778,140.59667,1,不明,無名橋２号,市道越河小原線,白石市,白石市,310.0,BR0-042064-00088,3,1
"37.93583,140.58639",BR0-042064-00089,不明,無名橋３号,市道越河小原線,310.0,白石市,宮城県,白石市,2.0,37.93583,140.58639,2,不明,無名橋３号,市道越河小原線,白石市,白石市,310.0,BR0-042064-00089,3,2
"37.94667,140.56917",BR0-042064-00090,不明,無名橋４号,市道越河小原線,310.0,白石市,宮城県,白石市,1.0,37.94667,140.56917,1,不明,無名橋４号,市道越河小原線,白石市,白石市,310.0,BR0-042064-00090,3,1
"37.94889,140.56750",BR0-042064-00091,不明,無名橋５号,市道越河小原線,310.0,白石市,宮城県,白石市,1.0,37.94889,140.5675,1,不明,無名橋５号,市道越河小原線,白石市,白石市,310.0,BR0-042064-00091,3,1
"37.95611,140.65028",BR0-042064-00092,1993,無名橋１号,市道斎川線,335.0,白石市,宮城県,白石市,1.0,37.95611,140.65028,1,1993,無名橋１号,市道斎川線,白石市,白石市,335.0,BR0-042064-00092,3,1
"37.98528,140.62056",BR0-042064-00094,不明,無名橋２号,市道坂谷線,310.0,白石市,宮城県,白石市,2.0,37.98528,140.62056,2,不明,無名橋２号,市道坂谷線,白石市,白石市,310.0,BR0-042064-00094,3,2
"37.98176,140.64503",BR0-042064-00095,不明,無名橋３号,市道坂谷線,310.0,白石市,宮城県,白石市,1.0,37.98176,140.64503,1,不明,無名橋３号,市道坂谷線,白石市,白石市,310.0,BR0-042064-00095,3,1
"38.00389,140.60389",BR0-042064-00096,不明,無名橋１号,市道樋ノ口線,310.0,白石市,宮城県,白石市,1.0,38.00389,140.60389,1,不明,無名橋１号,市道樋ノ口線,白石市,白石市,310.0,BR0-042064-00096,3,1
"38.04194,140.58056",BR0-042064-00097,不明,無名橋１号,市道大網線,310.0,白石市,宮城県,白石市,1.0,38.04194,140.58056,1,不明,無名橋１号,市道大網線,白石市,白石市,310.0,BR0-042064-00097,3,1
"38.04833,140.56944",BR0-042064-00098,不明,無名橋２号,市道大網線,310.0,白石市,宮城県,白石市,1.0,38.04833,140.56944,1,不明,無名橋２号,市道大網線,白石市,白石市,310.0,BR0-042064-00098,3,1
"38.04139,140.62889",BR0-042064-00102,1996,一本木橋,市道鳥越線,335.0,白石市,宮城県,白石市,1.0,38.04139,140.62889,1,1996,一本木橋,市道鳥越線,白石市,白石市,335.0,BR0-042064-00102,3,1
"38.00250,140.61333",BR0-042064-00107,不明,無名橋1号,市道城山雁狩橋線,310.0,白石市,宮城県,白石市,1.0,38.0025,140.61333,1,不明,無名橋1号,市道城山雁狩橋線,白石市,白石市,310.0,BR0-042064-00107,3,1
"38.00222,140.61361",BR0-042064-00108,不明,無名橋2号,市道城山雁狩橋線,310.0,白石市,宮城県,白石市,1.0,38.00222,140.61361,1,不明,無名橋2号,市道城山雁狩橋線,白石市,白石市,310.0,BR0-042064-00108,3,1
"38.01167,140.67694",BR0-042064-00109,不明,無名橋2号,市道平栗山崎線,335.0,白石市,宮城県,白石市,1.0,38.01167,140.67694,1,不明,無名橋2号,市道平栗山崎線,白石市,白石市,335.0,BR0-042064-00109,3,1
"37.96056,140.62500",BR0-042064-00110,不明,無名橋1号,市道大柳前鹿の子中線,310.0,白石市,宮城県,白石市,1.0,37.96056,140.625,1,不明,無名橋1号,市道大柳前鹿の子中線,白石市,白石市,310.0,BR0-042064-00110,3,1
"37.95528,140.67139",BR0-042064-00111,不明,無名橋1号,市道東沢線,310.0,白石市,宮城県,白石市,1.0,37.95528,140.67139,1,不明,無名橋1号,市道東沢線,白石市,白石市,310.0,BR0-042064-00111,3,1
"38.03139,140.59722",BR0-042064-00112,不明,無名橋1号,市道三住線,310.0,白石市,宮城県,白石市,1.0,38.03139,140.59722,1,不明,無名橋1号,市道三住線,白石市,白石市,310.0,BR0-042064-00112,3,1
"37.95611,140.52833",BR0-042064-00113,不明,無名橋1号,市道東材木岩線,310.0,白石市,宮城県,白石市,1.0,37.95611,140.52833,1,不明,無名橋1号,市道東材木岩線,白石市,白石市,310.0,BR0-042064-00113,3,1
"37.95056,140.54528",BR0-042064-00114,1995,無名橋3号,市道東材木岩線,335.0,白石市,宮城県,白石市,2.0,37.95056,140.54528,2,1995,無名橋3号,市道東材木岩線,白石市,白石市,335.0,BR0-042064-00114,3,2
"37.98278,140.56250",BR0-042064-00117,不明,無名橋6号,市道小久保平原線,310.0,白石市,宮城県,白石市,1.0,37.98278,140.5625,1,不明,無名橋6号,市道小久保平原線,白石市,白石市,310.0,BR0-042064-00117,3,1
"38.00556,140.67972",BR0-042064-00118,1981,無名橋1号,市道大新田線,330.0,白石市,宮城県,白石市,2.0,38.00556,140.67972,2,1981,無名橋1号,市道大新田線,白石市,白石市,330.0,BR0-042064-00118,3,2
"37.98667,140.67167",BR0-042064-00120,不明,無名橋2号,市道菊面石線,335.0,白石市,宮城県,白石市,1.0,37.98667,140.67167,1,不明,無名橋2号,市道菊面石線,白石市,白石市,335.0,BR0-042064-00120,3,1
"37.97528,140.56556",BR0-042064-00124,不明,無名橋１号,市道鉢森線,330.0,白石市,宮城県,白石市,1.0,37.97528,140.56556,1,不明,無名橋１号,市道鉢森線,白石市,白石市,330.0,BR0-042064-00124,3,1
"37.99167,140.61417",BR0-042064-00254,不明,無名橋１号,市道上久保線,335.0,白石市,宮城県,白石市,2.0,37.99167,140.61417,2,不明,無名橋１号,市道上久保線,白石市,白石市,335.0,BR0-042064-00254,3,2
"37.98696,140.61998",BR0-042064-00255,不明,無名橋１号,市道八ツ森線,310.0,白石市,宮城県,白石市,2.0,37.98696,140.61998,2,不明,無名橋１号,市道八ツ森線,白石市,白石市,310.0,BR0-042064-00255,3,2
"37.98703,140.61987",BR0-042064-00256,不明,無名橋２号,市道八ツ森線,335.0,白石市,宮城県,白石市,1.0,37.98703,140.61987,1,不明,無名橋２号,市道八ツ森線,白石市,白石市,335.0,BR0-042064-00256,3,1
"37.98574,140.61889",BR0-042064-00257,不明,無名橋３号,市道八ツ森線,310.0,白石市,宮城県,白石市,3.0,37.98574,140.61889,3,不明,無名橋３号,市道八ツ森線,白石市,白石市,310.0,BR0-042064-00257,3,3
"37.98500,140.60778",BR0-042064-00260,不明,無名橋１号,市道森中線,310.0,白石市,宮城県,白石市,2.0,37.985,140.60778,2,不明,無名橋１号,市道森中線,白石市,白石市,310.0,BR0-042064-00260,3,2
"37.98667,140.60167",BR0-042064-00261,不明,無名橋２号,市道森中線,335.0,白石市,宮城県,白石市,2.0,37.98667,140.60167,2,不明,無名橋２号,市道森中線,白石市,白石市,335.0,BR0-042064-00261,3,2
"37.98083,140.61194",BR0-042064-00265,不明,無名橋１号,市道太平前線,330.0,白石市,宮城県,白石市,2.0,37.98083,140.61194,2,不明,無名橋１号,市道太平前線,白石市,白石市,330.0,BR0-042064-00265,3,2
"37.98083,140.61000",BR0-042064-00266,不明,無名橋２号,市道太平前線,310.0,白石市,宮城県,白石市,1.0,37.98083,140.61,1,不明,無名橋２号,市道太平前線,白石市,白石市,310.0,BR0-042064-00266,3,1
"37.98417,140.60139",BR0-042064-00268,不明,無名橋４号,市道太平前線,310.0,白石市,宮城県,白石市,2.0,37.98417,140.60139,2,不明,無名橋４号,市道太平前線,白石市,白石市,310.0,BR0-042064-00268,3,2
"37.97861,140.61111",BR0-042064-00269,不明,無名橋1号,市道道の下前線,310.0,白石市,宮城県,白石市,2.0,37.97861,140.61111,2,不明,無名橋1号,市道道の下前線,白石市,白石市,310.0,BR0-042064-00269,3,2
"37.97845,140.61070",BR0-042064-00270,不明,無名橋２号,市道道の下前線,310.0,白石市,宮城県,白石市,2.0,37.97845,140.6107,2,不明,無名橋２号,市道道の下前線,白石市,白石市,310.0,BR0-042064-00270,3,2
"37.97944,140.62361",BR0-042064-00275,不明,無名橋１号,市道下鹿ノ子線,335.0,白石市,宮城県,白石市,2.0,37.97944,140.62361,2,不明,無名橋１号,市道下鹿ノ子線,白石市,白石市,335.0,BR0-042064-00275,3,2
"37.97611,140.62250",BR0-042064-00276,不明,無名橋２号,市道下鹿ノ子線,335.0,白石市,宮城県,白石市,2.0,37.97611,140.6225,2,不明,無名橋２号,市道下鹿ノ子線,白石市,白石市,335.0,BR0-042064-00276,3,2
"37.97417,140.62167",BR0-042064-00277,不明,無名橋３号,市道下鹿ノ子線,335.0,白石市,宮城県,白石市,1.0,37.97417,140.62167,1,不明,無名橋３号,市道下鹿ノ子線,白石市,白石市,335.0,BR0-042064-00277,3,1
"37.97222,140.61917",BR0-042064-00278,不明,無名橋４号,市道下鹿ノ子線,335.0,白石市,宮城県,白石市,1.0,37.97222,140.61917,1,不明,無名橋４号,市道下鹿ノ子線,白石市,白石市,335.0,BR0-042064-00278,3,1
"37.97194,140.61917",BR0-042064-00279,不明,無名橋５号,市道下鹿ノ子線,335.0,白石市,宮城県,白石市,2.0,37.97194,140.61917,2,不明,無名橋５号,市道下鹿ノ子線,白石市,白石市,335.0,BR0-042064-00279,3,2
"37.97583,140.61306",BR0-042064-00280,不明,無名橋１号,市道測道東15号線,310.0,白石市,宮城県,白石市,2.0,37.97583,140.61306,2,不明,無名橋１号,市道測道東15号線,白石市,白石市,310.0,BR0-042064-00280,3,2
"37.97333,140.61389",BR0-042064-00281,不明,無名橋２号,市道測道東15号線,310.0,白石市,宮城県,白石市,2.0,37.97333,140.61389,2,不明,無名橋２号,市道測道東15号線,白石市,白石市,310.0,BR0-042064-00281,3,2
"37.97139,140.61444",BR0-042064-00282,不明,無名橋３号,市道測道東15号線,310.0,白石市,宮城県,白石市,1.0,37.97139,140.61444,1,不明,無名橋３号,市道測道東15号線,白石市,白石市,310.0,BR0-042064-00282,3,1
"37.97556,140.61250",BR0-042064-00283,不明,無名橋１号,市道測道西9号線,310.0,白石市,宮城県,白石市,2.0,37.97556,140.6125,2,不明,無名橋１号,市道測道西9号線,白石市,白石市,310.0,BR0-042064-00283,3,2
"37.97333,140.61333",BR0-042064-00284,不明,無名橋２号,市道測道西9号線,310.0,白石市,宮城県,白石市,2.0,37.97333,140.61333,2,不明,無名橋２号,市道測道西9号線,白石市,白石市,310.0,BR0-042064-00284,3,2
"37.97139,140.61389",BR0-042064-00285,不明,無名橋３号,市道測道西9号線,310.0,白石市,宮城県,白石市,2.0,37.97139,140.61389,2,不明,無名橋３号,市道測道西9号線,白石市,白石市,310.0,BR0-042064-00285,3,2
"37.99417,140.60722",BR0-042064-00286,不明,無名橋１号,市道測道西11号線,310.0,白石市,宮城県,白石市,1.0,37.99417,140.60722,1,不明,無名橋１号,市道測道西11号線,白石市,白石市,310.0,BR0-042064-00286,3,1
"37.99278,140.60694",BR0-042064-00287,不明,無名橋２号,市道測道西11号線,310.0,白石市,宮城県,白石市,2.0,37.99278,140.60694,2,不明,無名橋２号,市道測道西11号線,白石市,白石市,310.0,BR0-042064-00287,3,2
"37.99194,140.61306",BR0-042064-00288,不明,無名橋１号,市道城南線,310.0,白石市,宮城県,白石市,2.0,37.99194,140.61306,2,不明,無名橋１号,市道城南線,白石市,白石市,310.0,BR0-042064-00288,3,2
"37.99306,140.61083",BR0-042064-00289,不明,無名橋１号,市道下森合線,310.0,白石市,宮城県,白石市,2.0,37.99306,140.61083,2,不明,無名橋１号,市道下森合線,白石市,白石市,310.0,BR0-042064-00289,3,2
"37.99167,140.61361",BR0-042064-00290,不明,無名橋１号,市道城南二丁目1号線,335.0,白石市,宮城県,白石市,2.0,37.99167,140.61361,2,不明,無名橋１号,市道城南二丁目1号線,白石市,白石市,335.0,BR0-042064-00290,3,2
"37.98889,140.62778",BR0-042064-00292,不明,無名橋１号,市道田中2号線,310.0,白石市,宮城県,白石市,1.0,37.98889,140.62778,1,不明,無名橋１号,市道田中2号線,白石市,白石市,310.0,BR0-042064-00292,3,1
"37.99167,140.63833",BR0-042064-00293,不明,無名橋１号,市道三沢沖線,335.0,白石市,宮城県,白石市,2.0,37.99167,140.63833,2,不明,無名橋１号,市道三沢沖線,白石市,白石市,335.0,BR0-042064-00293,3,2
"37.98361,140.64417",BR0-042064-00294,不明,無名橋１号,市道五丁目線,310.0,白石市,宮城県,白石市,2.0,37.98361,140.64417,2,不明,無名橋１号,市道五丁目線,白石市,白石市,310.0,BR0-042064-00294,3,2
"37.99389,140.66528",BR0-042064-00295,不明,無名橋１号,市道沖の沢1号線,310.0,白石市,宮城県,白石市,2.0,37.99389,140.66528,2,不明,無名橋１号,市道沖の沢1号線,白石市,白石市,310.0,BR0-042064-00295,3,2
"37.98000,140.64917",BR0-042064-00297,不明,無名橋１号,市道竹の中線,310.0,白石市,宮城県,白石市,2.0,37.98,140.64917,2,不明,無名橋１号,市道竹の中線,白石市,白石市,310.0,BR0-042064-00297,3,2
"37.98528,140.65194",BR0-042064-00298,不明,無名橋２号,市道竹の中線,335.0,白石市,宮城県,白石市,2.0,37.98528,140.65194,2,不明,無名橋２号,市道竹の中線,白石市,白石市,335.0,BR0-042064-00298,3,2
"37.96889,140.60694",BR0-042064-00306,不明,無名橋１号,市道宮内敷線,310.0,白石市,宮城県,白石市,2.0,37.96889,140.60694,2,不明,無名橋１号,市道宮内敷線,白石市,白石市,310.0,BR0-042064-00306,3,2
"37.96583,140.60556",BR0-042064-00307,不明,無名橋２号,市道宮内敷線,310.0,白石市,宮城県,白石市,3.0,37.96583,140.60556,3,不明,無名橋２号,市道宮内敷線,白石市,白石市,310.0,BR0-042064-00307,3,3
"37.95222,140.61722",BR0-042064-00310,不明,無名橋２号,市道高森線,310.0,白石市,宮城県,白石市,1.0,37.95222,140.61722,1,不明,無名橋２号,市道高森線,白石市,白石市,310.0,BR0-042064-00310,3,1
"37.95222,140.61639",BR0-042064-00311,不明,無名橋１号,市道東田中線,310.0,白石市,宮城県,白石市,1.0,37.95222,140.61639,1,不明,無名橋１号,市道東田中線,白石市,白石市,310.0,BR0-042064-00311,3,1
"37.95556,140.61833",BR0-042064-00312,不明,無名橋１号,市道板木線,310.0,白石市,宮城県,白石市,2.0,37.95556,140.61833,2,不明,無名橋１号,市道板木線,白石市,白石市,310.0,BR0-042064-00312,3,2
"37.95556,140.61889",BR0-042064-00313,不明,無名橋２号,市道板木線,310.0,白石市,宮城県,白石市,2.0,37.95556,140.61889,2,不明,無名橋２号,市道板木線,白石市,白石市,310.0,BR0-042064-00313,3,2
"37.95889,140.62361",BR0-042064-00314,1995,無名橋１号,市道柳沢線,335.0,白石市,宮城県,白石市,2.0,37.95889,140.62361,2,1995,無名橋１号,市道柳沢線,白石市,白石市,335.0,BR0-042064-00314,3,2
"37.96111,140.61250",BR0-042064-00315,不明,無名橋１号,市道町尻線,335.0,白石市,宮城県,白石市,2.0,37.96111,140.6125,2,不明,無名橋１号,市道町尻線,白石市,白石市,335.0,BR0-042064-00315,3,2
"37.94694,140.61333",BR0-042064-00317,不明,無名橋１号,市道測道東11号線,310.0,白石市,宮城県,白石市,2.0,37.94694,140.61333,2,不明,無名橋１号,市道測道東11号線,白石市,白石市,310.0,BR0-042064-00317,3,2
"37.95278,140.61639",BR0-042064-00318,不明,無名橋２号,市道測道西7号線,310.0,白石市,宮城県,白石市,2.0,37.95278,140.61639,2,不明,無名橋２号,市道測道西7号線,白石市,白石市,310.0,BR0-042064-00318,3,2
"37.95694,140.60500",BR0-042064-00319,1962,おしどり橋,市道高畑前線,310.0,白石市,宮城県,白石市,1.0,37.95694,140.605,1,1962,おしどり橋,市道高畑前線,白石市,白石市,310.0,BR0-042064-00319,3,1
"37.91639,140.59167",BR0-042064-00321,不明,無名橋１号,市道松沢線,310.0,白石市,宮城県,白石市,2.0,37.91639,140.59167,2,不明,無名橋１号,市道松沢線,白石市,白石市,310.0,BR0-042064-00321,3,2
"37.91639,140.59139",BR0-042064-00322,不明,無名橋２号,市道松沢線,310.0,白石市,宮城県,白石市,2.0,37.91639,140.59139,2,不明,無名橋２号,市道松沢線,白石市,白石市,310.0,BR0-042064-00322,3,2
"37.91556,140.58889",BR0-042064-00323,不明,無名橋１号,市道御境1号線,310.0,白石市,宮城県,白石市,2.0,37.91556,140.58889,2,不明,無名橋１号,市道御境1号線,白石市,白石市,310.0,BR0-042064-00323,3,2
"37.91556,140.59250",BR0-042064-00325,不明,無名橋２号,市道鮒形線,310.0,白石市,宮城県,白石市,2.0,37.91556,140.5925,2,不明,無名橋２号,市道鮒形線,白石市,白石市,310.0,BR0-042064-00325,3,2
"37.92167,140.60694",BR0-042064-00328,不明,無名橋１号,市道西中畑線,310.0,白石市,宮城県,白石市,1.0,37.92167,140.60694,1,不明,無名橋１号,市道西中畑線,白石市,白石市,310.0,BR0-042064-00328,3,1
"37.92000,140.61806",BR0-042064-00330,不明,無名橋１号,市道高丸線,330.0,白石市,宮城県,白石市,2.0,37.92,140.61806,2,不明,無名橋１号,市道高丸線,白石市,白石市,330.0,BR0-042064-00330,3,2
"37.92111,140.60778",BR0-042064-00333,不明,無名橋１号,市道測道東7号線,310.0,白石市,宮城県,白石市,2.0,37.92111,140.60778,2,不明,無名橋１号,市道測道東7号線,白石市,白石市,310.0,BR0-042064-00333,3,2
"37.93056,140.61056",BR0-042064-00334,不明,無名橋１号,市道測道東8号線,310.0,白石市,宮城県,白石市,1.0,37.93056,140.61056,1,不明,無名橋１号,市道測道東8号線,白石市,白石市,310.0,BR0-042064-00334,3,1
"37.91639,140.60194",BR0-042064-00335,不明,無名橋１号,市道側道西3号線,310.0,白石市,宮城県,白石市,2.0,37.91639,140.60194,2,不明,無名橋１号,市道側道西3号線,白石市,白石市,310.0,BR0-042064-00335,3,2
"37.91583,140.58917",BR0-042064-00337,不明,無名橋１号,市道石原線,330.0,白石市,宮城県,白石市,2.0,37.91583,140.58917,2,不明,無名橋１号,市道石原線,白石市,白石市,330.0,BR0-042064-00337,3,2
"37.92028,140.61861",BR0-042064-00338,不明,沢内橋,市道明神前線,310.0,白石市,宮城県,白石市,2.0,37.92028,140.61861,2,不明,沢内橋,市道明神前線,白石市,白石市,310.0,BR0-042064-00338,3,2
"38.11472,140.65167",BR0-043010-00003,1994,根無藤橋,町道永野山ノ入平沢線,310.0,蔵王町,宮城県,蔵王町,2.0,38.11472,140.65167,2,1994,根無藤橋,町道永野山ノ入平沢線,蔵王町,蔵王町,310.0,BR0-043010-00003,3,2
"38.12389,140.55583",BR0-043010-00014,1976,阿寺橋,町道砂押開拓線,331.0,蔵王町,宮城県,蔵王町,2.0,38.12389,140.55583,2,1976,阿寺橋,町道砂押開拓線,蔵王町,蔵王町,331.0,BR0-043010-00014,3,2
"38.06333,140.65417",BR0-043010-00027,1974,宮司跨道橋,町道根方線,360.0,蔵王町,宮城県,蔵王町,2.0,38.06333,140.65417,2,1974,宮司跨道橋,町道根方線,蔵王町,蔵王町,360.0,BR0-043010-00027,3,2
"38.12083,140.66083",BR0-043010-00031,1972,山ノ入橋,町道永野山ノ入平沢線,310.0,蔵王町,宮城県,蔵王町,2.0,38.12083,140.66083,2,1972,山ノ入橋,町道永野山ノ入平沢線,蔵王町,蔵王町,310.0,BR0-043010-00031,3,2
"38.12389,140.68222",BR0-043010-00032,1933,辻前橋,町道永野山ノ入平沢線,310.0,蔵王町,宮城県,蔵王町,1.0,38.12389,140.68222,1,1933,辻前橋,町道永野山ノ入平沢線,蔵王町,蔵王町,310.0,BR0-043010-00032,3,1
"38.12361,140.68278",BR0-043010-00033,1963,平沢橋,町道永野山ノ入平沢線,310.0,蔵王町,宮城県,蔵王町,1.0,38.12361,140.68278,1,1963,平沢橋,町道永野山ノ入平沢線,蔵王町,蔵王町,310.0,BR0-043010-00033,3,1
"38.05500,140.65167",BR0-043010-00034,1950,橋本橋,町道宮曲竹線,310.0,蔵王町,宮城県,蔵王町,1.0,38.055,140.65167,1,1950,橋本橋,町道宮曲竹線,蔵王町,蔵王町,310.0,BR0-043010-00034,3,1
"38.04833,140.65028",BR0-043010-00035,1974,内方橋,町道宮曲竹線,310.0,蔵王町,宮城県,蔵王町,2.0,38.04833,140.65028,2,1974,内方橋,町道宮曲竹線,蔵王町,蔵王町,310.0,BR0-043010-00035,3,2
"38.04389,140.65139",BR0-043010-00036,1954,宮小学校前橋,町道西裏井戸井沖線,310.0,蔵王町,宮城県,蔵王町,2.0,38.04389,140.65139,2,1954,宮小学校前橋,町道西裏井戸井沖線,蔵王町,蔵王町,310.0,BR0-043010-00036,3,2
"38.04278,140.64528",BR0-043010-00037,1973,井戸井沖橋,町道西裏井戸井沖線,310.0,蔵王町,宮城県,蔵王町,2.0,38.04278,140.64528,2,1973,井戸井沖橋,町道西裏井戸井沖線,蔵王町,蔵王町,310.0,BR0-043010-00037,3,2
"38.12389,140.54361",BR0-043010-00039,不明,砂押橋,町道えぼし高原線,331.0,蔵王町,宮城県,蔵王町,2.0,38.12389,140.54361,2,不明,砂押橋,町道えぼし高原線,蔵王町,蔵王町,331.0,BR0-043010-00039,3,2
"38.10361,140.64472",BR0-043010-00043,1935,曲木橋,町道高木曲木線,310.0,蔵王町,宮城県,蔵王町,1.0,38.10361,140.64472,1,1935,曲木橋,町道高木曲木線,蔵王町,蔵王町,310.0,BR0-043010-00043,3,1
"38.07139,140.65917",BR0-043010-00044,1974,境松橋,町道下別当1号線,310.0,蔵王町,宮城県,蔵王町,2.0,38.07139,140.65917,2,1974,境松橋,町道下別当1号線,蔵王町,蔵王町,310.0,BR0-043010-00044,3,2
"38.05500,140.66556",BR0-043010-00046,1933,中丸1号橋,町道大除線,310.0,蔵王町,宮城県,蔵王町,1.0,38.055,140.66556,1,1933,中丸1号橋,町道大除線,蔵王町,蔵王町,310.0,BR0-043010-00046,3,1
"38.04361,140.67361",BR0-043010-00047,1933,臼久保2号橋,町道臼久保線,310.0,蔵王町,宮城県,蔵王町,1.0,38.04361,140.67361,1,1933,臼久保2号橋,町道臼久保線,蔵王町,蔵王町,310.0,BR0-043010-00047,3,1
"38.07306,140.63278",BR0-043010-00048,不明,小森山橋,町道下別当2号線,310.0,蔵王町,宮城県,蔵王町,2.0,38.07306,140.63278,2,不明,小森山橋,町道下別当2号線,蔵王町,蔵王町,310.0,BR0-043010-00048,3,2
"38.05528,140.65944",BR0-043010-00049,不明,新大除橋,町道大除線,310.0,蔵王町,宮城県,蔵王町,2.0,38.05528,140.65944,2,不明,新大除橋,町道大除線,蔵王町,蔵王町,310.0,BR0-043010-00049,3,2
"38.12222,140.64472",BR0-043010-00050,不明,川子石橋,町道北境川子石線,310.0,蔵王町,宮城県,蔵王町,1.0,38.12222,140.64472,1,不明,川子石橋,町道北境川子石線,蔵王町,蔵王町,310.0,BR0-043010-00050,3,1
"38.12528,140.67556",BR0-043010-00051,1963,だるま橋,町道湯口線,310.0,蔵王町,宮城県,蔵王町,2.0,38.12528,140.67556,2,1963,だるま橋,町道湯口線,蔵王町,蔵王町,310.0,BR0-043010-00051,3,2
"38.12444,140.68194",BR0-043010-00053,1932,辻裏橋,町道台町鎌倉線,310.0,蔵王町,宮城県,蔵王町,1.0,38.12444,140.68194,1,1932,辻裏橋,町道台町鎌倉線,蔵王町,蔵王町,310.0,BR0-043010-00053,3,1
"38.12833,140.68083",BR0-043010-00054,1971,後沢橋,町道台町鎌倉線,310.0,蔵王町,宮城県,蔵王町,1.0,38.12833,140.68083,1,1971,後沢橋,町道台町鎌倉線,蔵王町,蔵王町,310.0,BR0-043010-00054,3,1
"38.13500,140.67306",BR0-043010-00055,1959,鎌倉橋,町道台町鎌倉線,310.0,蔵王町,宮城県,蔵王町,2.0,38.135,140.67306,2,1959,鎌倉橋,町道台町鎌倉線,蔵王町,蔵王町,310.0,BR0-043010-00055,3,2
"38.10861,140.67194",BR0-043010-00056,1974,大鳥下橋,町道猫松沢鬼場線,310.0,蔵王町,宮城県,蔵王町,2.0,38.10861,140.67194,2,1974,大鳥下橋,町道猫松沢鬼場線,蔵王町,蔵王町,310.0,BR0-043010-00056,3,2
"38.09361,140.66306",BR0-043010-00058,1970,東山橋,町道下永線,310.0,蔵王町,宮城県,蔵王町,1.0,38.09361,140.66306,1,1970,東山橋,町道下永線,蔵王町,蔵王町,310.0,BR0-043010-00058,3,1
"38.08972,140.66194",BR0-043010-00059,1955,下永橋,町道東浦松川線,310.0,蔵王町,宮城県,蔵王町,1.0,38.08972,140.66194,1,1955,下永橋,町道東浦松川線,蔵王町,蔵王町,310.0,BR0-043010-00059,3,1
"38.07389,140.65861",BR0-043010-00060,1965,境松1号橋,町道境松ネギの沢線,310.0,蔵王町,宮城県,蔵王町,1.0,38.07389,140.65861,1,1965,境松1号橋,町道境松ネギの沢線,蔵王町,蔵王町,310.0,BR0-043010-00060,3,1
"38.07389,140.65500",BR0-043010-00061,1965,境松2号橋,町道境松ネギの沢線,310.0,蔵王町,宮城県,蔵王町,1.0,38.07389,140.655,1,1965,境松2号橋,町道境松ネギの沢線,蔵王町,蔵王町,310.0,BR0-043010-00061,3,1
"38.04472,140.65083",BR0-043010-00062,1974,明神裏橋,町道馬飼台線,310.0,蔵王町,宮城県,蔵王町,2.0,38.04472,140.65083,2,1974,明神裏橋,町道馬飼台線,蔵王町,蔵王町,310.0,BR0-043010-00062,3,2
"38.04583,140.65000",BR0-043010-00063,1972,台橋,町道明神裏台線,310.0,蔵王町,宮城県,蔵王町,2.0,38.04583,140.65,2,1972,台橋,町道明神裏台線,蔵王町,蔵王町,310.0,BR0-043010-00063,3,2
"38.05722,140.66722",BR0-043010-00064,1955,中丸2号橋,町道松手原入線,310.0,蔵王町,宮城県,蔵王町,2.0,38.05722,140.66722,2,1955,中丸2号橋,町道松手原入線,蔵王町,蔵王町,310.0,BR0-043010-00064,3,2
"38.03806,140.69500",BR0-043010-00066,1931,二ツ坂橋,町道二ツ坂線,310.0,蔵王町,宮城県,蔵王町,1.0,38.03806,140.695,1,1931,二ツ坂橋,町道二ツ坂線,蔵王町,蔵王町,310.0,BR0-043010-00066,3,1
"38.05889,140.64639",BR0-043010-00067,1970,山田沢2号橋,町道山田沢線,310.0,蔵王町,宮城県,蔵王町,1.0,38.05889,140.64639,1,1970,山田沢2号橋,町道山田沢線,蔵王町,蔵王町,310.0,BR0-043010-00067,3,1
"38.13611,140.57861",BR0-043010-00068,1980,上ノ原橋,町道北山土浮山線,310.0,蔵王町,宮城県,蔵王町,1.0,38.13611,140.57861,1,1980,上ノ原橋,町道北山土浮山線,蔵王町,蔵王町,310.0,BR0-043010-00068,3,1
"38.11722,140.61111",BR0-043010-00069,1960,釜沢橋,町道土浮山開拓線,310.0,蔵王町,宮城県,蔵王町,1.0,38.11722,140.61111,1,1960,釜沢橋,町道土浮山開拓線,蔵王町,蔵王町,310.0,BR0-043010-00069,3,1
"38.11806,140.61056",BR0-043010-00070,1960,釜沢2号橋,町道土浮山開拓線,310.0,蔵王町,宮城県,蔵王町,1.0,38.11806,140.61056,1,1960,釜沢2号橋,町道土浮山開拓線,蔵王町,蔵王町,310.0,BR0-043010-00070,3,1
"38.06639,140.65472",BR0-043010-00072,不明,根方3号橋,町道根方中野線,310.0,蔵王町,宮城県,蔵王町,2.0,38.06639,140.65472,2,不明,根方3号橋,町道根方中野線,蔵王町,蔵王町,310.0,BR0-043010-00072,3,2
"38.12000,140.59611",BR0-043010-00073,不明,小妻坂橋,町道小妻坂線,310.0,蔵王町,宮城県,蔵王町,1.0,38.12,140.59611,1,不明,小妻坂橋,町道小妻坂線,蔵王町,蔵王町,310.0,BR0-043010-00073,3,1
"38.09111,140.56556",BR0-043010-00074,不明,北原尾橋,町道北原尾線,310.0,蔵王町,宮城県,蔵王町,1.0,38.09111,140.56556,1,不明,北原尾橋,町道北原尾線,蔵王町,蔵王町,310.0,BR0-043010-00074,3,1
"38.10806,140.63083",BR0-043010-00075,不明,八室1号橋,町道八室線,310.0,蔵王町,宮城県,蔵王町,2.0,38.10806,140.63083,2,不明,八室1号橋,町道八室線,蔵王町,蔵王町,310.0,BR0-043010-00075,3,2
"38.11944,140.59944",BR0-043010-00077,不明,善舞森橋,町道善舞森八山線,310.0,蔵王町,宮城県,蔵王町,1.0,38.11944,140.59944,1,不明,善舞森橋,町道善舞森八山線,蔵王町,蔵王町,310.0,BR0-043010-00077,3,1
"38.10306,140.60250",BR0-043010-00078,不明,八山2号橋,町道八山支線,310.0,蔵王町,宮城県,蔵王町,3.0,38.10306,140.6025,3,不明,八山2号橋,町道八山支線,蔵王町,蔵王町,310.0,BR0-043010-00078,3,3
"38.11972,140.57778",BR0-043010-00079,不明,横柴1号橋,町道横柴線,310.0,蔵王町,宮城県,蔵王町,1.0,38.11972,140.57778,1,不明,横柴1号橋,町道横柴線,蔵王町,蔵王町,310.0,BR0-043010-00079,3,1
"38.11639,140.57972",BR0-043010-00080,不明,横柴2号橋,町道横柴線,310.0,蔵王町,宮城県,蔵王町,2.0,38.11639,140.57972,2,不明,横柴2号橋,町道横柴線,蔵王町,蔵王町,310.0,BR0-043010-00080,3,2
"38.12500,140.68333",BR0-043010-00082,不明,南道上橋,町道平沢村田線,321.0,蔵王町,宮城県,蔵王町,2.0,38.125,140.68333,2,不明,南道上橋,町道平沢村田線,蔵王町,蔵王町,321.0,BR0-043010-00082,3,2
"38.09417,140.68306",BR0-043010-00083,不明,塩沢側道橋,町道塩沢豊向側道線,321.0,蔵王町,宮城県,蔵王町,2.0,38.09417,140.68306,2,不明,塩沢側道橋,町道塩沢豊向側道線,蔵王町,蔵王町,321.0,BR0-043010-00083,3,2
"38.05444,140.66722",BR0-043010-00084,不明,原前橋,町道原前線,310.0,蔵王町,宮城県,蔵王町,2.0,38.05444,140.66722,2,不明,原前橋,町道原前線,蔵王町,蔵王町,310.0,BR0-043010-00084,3,2
"38.12167,140.66222",BR0-043010-00085,2010,一本杉橋,町道永野山ノ入平沢線,360.0,蔵王町,宮城県,蔵王町,2.0,38.12167,140.66222,2,2010,一本杉橋,町道永野山ノ入平沢線,蔵王町,蔵王町,360.0,BR0-043010-00085,3,2
"38.07056,140.65306",BR0-043010-00086,不明,石崎橋,町道宮曲竹線,360.0,蔵王町,宮城県,蔵王町,2.0,38.07056,140.65306,2,不明,石崎橋,町道宮曲竹線,蔵王町,蔵王町,360.0,BR0-043010-00086,3,2
"38.06278,140.66833",BR0-043010-00087,不明,定矢口橋,町道向山矢附塩沢線,360.0,蔵王町,宮城県,蔵王町,1.0,38.06278,140.66833,1,不明,定矢口橋,町道向山矢附塩沢線,蔵王町,蔵王町,360.0,BR0-043010-00087,3,1
"38.11139,140.66694",BR0-043010-00088,不明,築舘橋,町道堀の内棚村線,360.0,蔵王町,宮城県,蔵王町,1.0,38.11139,140.66694,1,不明,築舘橋,町道堀の内棚村線,蔵王町,蔵王町,360.0,BR0-043010-00088,3,1
"38.10778,140.67444",BR0-043010-00089,1973,堤橋,町道堤高木線,360.0,蔵王町,宮城県,蔵王町,2.0,38.10778,140.67444,2,1973,堤橋,町道堤高木線,蔵王町,蔵王町,360.0,BR0-043010-00089,3,2
"38.08667,140.66389",BR0-043010-00090,不明,舘前橋,町道舘前蟹沢線,360.0,蔵王町,宮城県,蔵王町,2.0,38.08667,140.66389,2,不明,舘前橋,町道舘前蟹沢線,蔵王町,蔵王町,360.0,BR0-043010-00090,3,2
"38.06750,140.65889",BR0-043010-00091,不明,森小田橋,町道田中欠前線,360.0,蔵王町,宮城県,蔵王町,2.0,38.0675,140.65889,2,不明,森小田橋,町道田中欠前線,蔵王町,蔵王町,360.0,BR0-043010-00091,3,2
"38.04667,140.66917",BR0-043010-00092,1932,供養前橋,町道松原線,360.0,蔵王町,宮城県,蔵王町,1.0,38.04667,140.66917,1,1932,供養前橋,町道松原線,蔵王町,蔵王町,360.0,BR0-043010-00092,3,1
"38.06333,140.63222",BR0-043010-00093,不明,山田沢3号橋,町道山田沢3号線,310.0,蔵王町,宮城県,蔵王町,2.0,38.06333,140.63222,2,不明,山田沢3号橋,町道山田沢3号線,蔵王町,蔵王町,310.0,BR0-043010-00093,3,2
"38.06472,140.62639",BR0-043010-00094,不明,山田沢4号橋,町道山田沢3号線,310.0,蔵王町,宮城県,蔵王町,2.0,38.06472,140.62639,2,不明,山田沢4号橋,町道山田沢3号線,蔵王町,蔵王町,310.0,BR0-043010-00094,3,2
"38.08333,140.67361",BR0-043010-00095,不明,林前橋,町道河原畑向山線,360.0,蔵王町,宮城県,蔵王町,2.0,38.08333,140.67361,2,不明,林前橋,町道河原畑向山線,蔵王町,蔵王町,360.0,BR0-043010-00095,3,2
"38.11250,140.69472",BR0-043010-00096,不明,上東根2号橋,町道北境東根線,360.0,蔵王町,宮城県,蔵王町,2.0,38.1125,140.69472,2,不明,上東根2号橋,町道北境東根線,蔵王町,蔵王町,360.0,BR0-043010-00096,3,2
"38.13306,140.68722",BR0-043010-00097,不明,西原橋,町道舘前磯ヶ坂線,360.0,蔵王町,宮城県,蔵王町,1.0,38.13306,140.68722,1,不明,西原橋,町道舘前磯ヶ坂線,蔵王町,蔵王町,360.0,BR0-043010-00097,3,1
"38.06389,140.65667",BR0-043010-00098,不明,深松1号橋,町道根方線,360.0,蔵王町,宮城県,蔵王町,2.0,38.06389,140.65667,2,不明,深松1号橋,町道根方線,蔵王町,蔵王町,360.0,BR0-043010-00098,3,2
"38.12528,140.67278",BR0-043010-00099,不明,水神橋,町道湯口線,360.0,蔵王町,宮城県,蔵王町,2.0,38.12528,140.67278,2,不明,水神橋,町道湯口線,蔵王町,蔵王町,360.0,BR0-043010-00099,3,2
"38.12972,140.68000",BR0-043010-00100,不明,後沢2号橋,町道台町鎌倉線,360.0,蔵王町,宮城県,蔵王町,2.0,38.12972,140.68,2,不明,後沢2号橋,町道台町鎌倉線,蔵王町,蔵王町,360.0,BR0-043010-00100,3,2
"38.04207,140.67431",BR0-043010-00110,2020,侭下1号橋,松圃椚林線,335.0,蔵王町,宮城県,蔵王町,1.0,38.04207,140.67431,1,2020,侭下1号橋,松圃椚林線,蔵王町,蔵王町,335.0,BR0-043010-00110,3,1
"38.04160,140.67464",BR0-043010-00111,2020,侭下2号橋,松圃椚林線,335.0,蔵王町,宮城県,蔵王町,1.0,38.0416,140.67464,1,2020,侭下2号橋,松圃椚林線,蔵王町,蔵王町,335.0,BR0-043010-00111,3,1
"37.98591,140.43651",BR0-043028-00033,不明,足沢橋,町道烏川線,321.0,七ヶ宿町,宮城県,七ヶ宿町,3.0,37.98591,140.43651,3,不明,足沢橋,町道烏川線,七ヶ宿町,七ヶ宿町,321.0,BR0-043028-00033,3,3
"37.99620,140.44330",BR0-043028-00035,不明,穴沢橋,町道神林線,310.0,七ヶ宿町,宮城県,七ヶ宿町,2.0,37.9962,140.4433,2,不明,穴沢橋,町道神林線,七ヶ宿町,七ヶ宿町,310.0,BR0-043028-00035,3,2
"38.00138,140.43077",BR0-043028-00045,不明,実沢橋,町道大深沢線,335.0,七ヶ宿町,宮城県,七ヶ宿町,2.0,38.00138,140.43077,2,不明,実沢橋,町道大深沢線,七ヶ宿町,七ヶ宿町,335.0,BR0-043028-00045,3,2
"37.99258,140.45074",BR0-043028-00046,1963,宮田橋,町道宮田線,310.0,七ヶ宿町,宮城県,七ヶ宿町,2.0,37.99258,140.45074,2,1963,宮田橋,町道宮田線,七ヶ宿町,七ヶ宿町,310.0,BR0-043028-00046,3,2
"38.02366,140.36245",BR0-043028-00048,不明,茂ヶ沢３号橋,町道茂ヶ沢線,310.0,七ヶ宿町,宮城県,七ヶ宿町,2.0,38.02366,140.36245,2,不明,茂ヶ沢３号橋,町道茂ヶ沢線,七ヶ宿町,七ヶ宿町,310.0,BR0-043028-00048,3,2
"38.02638,140.35876",BR0-043028-00049,不明,茂ヶ沢４号橋,町道茂ヶ沢線,321.0,七ヶ宿町,宮城県,七ヶ宿町,2.0,38.02638,140.35876,2,不明,茂ヶ沢４号橋,町道茂ヶ沢線,七ヶ宿町,七ヶ宿町,321.0,BR0-043028-00049,3,2
"38.02905,140.35626",BR0-043028-00050,不明,茂ヶ沢５号橋,町道茂ヶ沢線,321.0,七ヶ宿町,宮城県,七ヶ宿町,2.0,38.02905,140.35626,2,不明,茂ヶ沢５号橋,町道茂ヶ沢線,七ヶ宿町,七ヶ宿町,321.0,BR0-043028-00050,3,2
"37.99163,140.44487",BR0-043028-00055,不明,明神前橋,町道明神前線,310.0,七ヶ宿町,宮城県,七ヶ宿町,2.0,37.99163,140.44487,2,不明,明神前橋,町道明神前線,七ヶ宿町,七ヶ宿町,310.0,BR0-043028-00055,3,2
"38.01925,140.46042",BR0-043028-00056,不明,大萱橋,町道大萱線,310.0,七ヶ宿町,宮城県,七ヶ宿町,2.0,38.01925,140.46042,2,不明,大萱橋,町道大萱線,七ヶ宿町,七ヶ宿町,310.0,BR0-043028-00056,3,2
"38.01111,140.44762",BR0-043028-00058,1970,大穴沢２号橋,町道関大萱線,310.0,七ヶ宿町,宮城県,七ヶ宿町,2.0,38.01111,140.44762,2,1970,大穴沢２号橋,町道関大萱線,七ヶ宿町,七ヶ宿町,310.0,BR0-043028-00058,3,2
"38.05802,140.72483",BR0-043214-00001,不明,蟹清水橋,町道堤幹線,335.0,大河原町,宮城県,大河原町,1.0,38.05802,140.72483,1,不明,蟹清水橋,町道堤幹線,大河原町,大河原町,335.0,BR0-043214-00001,3,1
"38.03529,140.71553",BR0-043214-00002,1972,大井戸２号橋,町道堤幹線,335.0,大河原町,宮城県,大河原町,2.0,38.03529,140.71553,2,1972,大井戸２号橋,町道堤幹線,大河原町,大河原町,335.0,BR0-043214-00002,3,2
"38.05972,140.72639",BR0-043214-00003,1972,堤上道添橋,町道堤幹線,335.0,大河原町,宮城県,大河原町,2.0,38.05972,140.72639,2,1972,堤上道添橋,町道堤幹線,大河原町,大河原町,335.0,BR0-043214-00003,3,2
"38.06142,140.71521",BR0-043214-00004,1993,堤幹線橋,町道堤幹線,335.0,大河原町,宮城県,大河原町,2.0,38.06142,140.71521,2,1993,堤幹線橋,町道堤幹線,大河原町,大河原町,335.0,BR0-043214-00004,3,2
"38.06122,140.71698",BR0-043214-00005,1964,船水錦町２号橋,町道駅東線,310.0,大河原町,宮城県,大河原町,2.0,38.06122,140.71698,2,1964,船水錦町２号橋,町道駅東線,大河原町,大河原町,310.0,BR0-043214-00005,3,2
"38.06008,140.69182",BR0-043214-00006,1990,新堀橋本橋,町道西幹線,335.0,大河原町,宮城県,大河原町,2.0,38.06008,140.69182,2,1990,新堀橋本橋,町道西幹線,大河原町,大河原町,335.0,BR0-043214-00006,3,2
"38.05854,140.69140",BR0-043214-00007,1999,青木大橋,町道西幹線,335.0,大河原町,宮城県,大河原町,2.0,38.05854,140.6914,2,1999,青木大橋,町道西幹線,大河原町,大河原町,335.0,BR0-043214-00007,3,2
"38.05830,140.69162",BR0-043214-00008,1977,落口橋,町道小山田幹線,335.0,大河原町,宮城県,大河原町,2.0,38.0583,140.69162,2,1977,落口橋,町道小山田幹線,大河原町,大河原町,335.0,BR0-043214-00008,3,2
"38.05788,140.69188",BR0-043214-00009,1966,橋本橋,町道小山田幹線,310.0,大河原町,宮城県,大河原町,2.0,38.05788,140.69188,2,1966,橋本橋,町道小山田幹線,大河原町,大河原町,310.0,BR0-043214-00009,3,2
"38.05592,140.68878",BR0-043214-00012,1993,青木二ツ橋,町道金中前線,310.0,大河原町,宮城県,大河原町,2.0,38.05592,140.68878,2,1993,青木二ツ橋,町道金中前線,大河原町,大河原町,310.0,BR0-043214-00012,3,2
"38.05618,140.68996",BR0-043214-00013,1990,青木五瀬橋,町道堤馬取環状線,335.0,大河原町,宮城県,大河原町,2.0,38.05618,140.68996,2,1990,青木五瀬橋,町道堤馬取環状線,大河原町,大河原町,335.0,BR0-043214-00013,3,2
"38.05587,140.69323",BR0-043214-00014,1964,天神馬取前橋,町道堤馬取環状線,310.0,大河原町,宮城県,大河原町,2.0,38.05587,140.69323,2,1964,天神馬取前橋,町道堤馬取環状線,大河原町,大河原町,310.0,BR0-043214-00014,3,2
"38.05474,140.69467",BR0-043214-00015,1993,天神和久橋,町道堤馬取環状線,335.0,大河原町,宮城県,大河原町,2.0,38.05474,140.69467,2,1993,天神和久橋,町道堤馬取環状線,大河原町,大河原町,335.0,BR0-043214-00015,3,2
"38.05354,140.69602",BR0-043214-00016,1993,火の崎橋,町道橋本環状線,335.0,大河原町,宮城県,大河原町,2.0,38.05354,140.69602,2,1993,火の崎橋,町道橋本環状線,大河原町,大河原町,335.0,BR0-043214-00016,3,2
"38.05263,140.69668",BR0-043214-00017,不明,船水上谷団地入口橋,町道上谷見城前線,335.0,大河原町,宮城県,大河原町,1.0,38.05263,140.69668,1,不明,船水上谷団地入口橋,町道上谷見城前線,大河原町,大河原町,335.0,BR0-043214-00017,3,1
"38.05172,140.69731",BR0-043214-00018,不明,角神橋,町道角神線,310.0,大河原町,宮城県,大河原町,1.0,38.05172,140.69731,1,不明,角神橋,町道角神線,大河原町,大河原町,310.0,BR0-043214-00018,3,1
"38.05070,140.69903",BR0-043214-00019,2001,青木前橋,町道青木線,321.0,大河原町,宮城県,大河原町,1.0,38.0507,140.69903,1,2001,青木前橋,町道青木線,大河原町,大河原町,321.0,BR0-043214-00019,3,1
"38.04871,140.69535",BR0-043214-00020,不明,船水高砂橋,町道高砂7号線,335.0,大河原町,宮城県,大河原町,2.0,38.04871,140.69535,2,不明,船水高砂橋,町道高砂7号線,大河原町,大河原町,335.0,BR0-043214-00020,3,2
"38.04952,140.69865",BR0-043214-00021,2011,船水錦町３号橋,町道錦町2号線,310.0,大河原町,宮城県,大河原町,1.0,38.04952,140.69865,1,2011,船水錦町３号橋,町道錦町2号線,大河原町,大河原町,310.0,BR0-043214-00021,3,1
"38.04971,140.70011",BR0-043214-00022,不明,船水錦町１号橋,町道錦町5号線,310.0,大河原町,宮城県,大河原町,1.0,38.04971,140.70011,1,不明,船水錦町１号橋,町道錦町5号線,大河原町,大河原町,310.0,BR0-043214-00022,3,1
"38.05028,140.70048",BR0-043214-00023,不明,鷺沼排水広瀬橋,町道山下線,310.0,大河原町,宮城県,大河原町,2.0,38.05028,140.70048,2,不明,鷺沼排水広瀬橋,町道山下線,大河原町,大河原町,310.0,BR0-043214-00023,3,2
"38.04985,140.70363",BR0-043214-00024,不明,鷺沼排水中屋敷橋,町道山下線,310.0,大河原町,宮城県,大河原町,1.0,38.04985,140.70363,1,不明,鷺沼排水中屋敷橋,町道山下線,大河原町,大河原町,310.0,BR0-043214-00024,3,1
"38.05085,140.70773",BR0-043214-00025,不明,鷺沼排水板倉橋,町道板倉線,310.0,大河原町,宮城県,大河原町,1.0,38.05085,140.70773,1,不明,鷺沼排水板倉橋,町道板倉線,大河原町,大河原町,310.0,BR0-043214-00025,3,1
"38.05141,140.70741",BR0-043214-00026,不明,鷺沼排水山崎橋,町道稗田前山崎線,335.0,大河原町,宮城県,大河原町,2.0,38.05141,140.70741,2,不明,鷺沼排水山崎橋,町道稗田前山崎線,大河原町,大河原町,335.0,BR0-043214-00026,3,2
"38.05232,140.70681",BR0-043214-00027,1993,船水住吉町４号橋,町道用水南線,335.0,大河原町,宮城県,大河原町,2.0,38.05232,140.70681,2,1993,船水住吉町４号橋,町道用水南線,大河原町,大河原町,335.0,BR0-043214-00027,3,2
"38.06076,140.70389",BR0-043214-00028,1964,船水住吉町１号橋,町道住吉町2号線,310.0,大河原町,宮城県,大河原町,1.0,38.06076,140.70389,1,1964,船水住吉町１号橋,町道住吉町2号線,大河原町,大河原町,310.0,BR0-043214-00028,3,1
"38.05602,140.71200",BR0-043214-00029,1964,船水住吉町２号橋,町道住吉町3号線,310.0,大河原町,宮城県,大河原町,1.0,38.05602,140.712,1,1964,船水住吉町２号橋,町道住吉町3号線,大河原町,大河原町,310.0,BR0-043214-00029,3,1
"38.05627,140.71368",BR0-043214-00030,不明,船水住吉町３号橋,町道住吉町山崎線,310.0,大河原町,宮城県,大河原町,1.0,38.05627,140.71368,1,不明,船水住吉町３号橋,町道住吉町山崎線,大河原町,大河原町,310.0,BR0-043214-00030,3,1
"38.05457,140.71465",BR0-043214-00031,1998,鷺沼排水鷺沼橋,町道鷺沼幹線,335.0,大河原町,宮城県,大河原町,1.0,38.05457,140.71465,1,1998,鷺沼排水鷺沼橋,町道鷺沼幹線,大河原町,大河原町,335.0,BR0-043214-00031,3,1
"38.05639,140.71827",BR0-043214-00033,不明,船水二本松入口橋,町道荒屋敷原前線,310.0,大河原町,宮城県,大河原町,1.0,38.05639,140.71827,1,不明,船水二本松入口橋,町道荒屋敷原前線,大河原町,大河原町,310.0,BR0-043214-00033,3,1
"38.05682,140.71901",BR0-043214-00034,不明,船水一軒地１号橋,町道一軒地団地3号線,310.0,大河原町,宮城県,大河原町,1.0,38.05682,140.71901,1,不明,船水一軒地１号橋,町道一軒地団地3号線,大河原町,大河原町,310.0,BR0-043214-00034,3,1
"38.05686,140.71912",BR0-043214-00035,不明,船水一軒地２号橋,町道安浄寺線,310.0,大河原町,宮城県,大河原町,1.0,38.05686,140.71912,1,不明,船水一軒地２号橋,町道安浄寺線,大河原町,大河原町,310.0,BR0-043214-00035,3,1
"38.05707,140.72137",BR0-043214-00036,不明,船水見城前橋,町道見城前線,310.0,大河原町,宮城県,大河原町,1.0,38.05707,140.72137,1,不明,船水見城前橋,町道見城前線,大河原町,大河原町,310.0,BR0-043214-00036,3,1
"38.07248,140.70275",BR0-043214-00037,不明,船水上谷橋,町道上谷線,310.0,大河原町,宮城県,大河原町,1.0,38.07248,140.70275,1,不明,船水上谷橋,町道上谷線,大河原町,大河原町,310.0,BR0-043214-00037,3,1
"38.07254,140.70265",BR0-043214-00038,1991,船水館前橋,町道館前1号線,335.0,大河原町,宮城県,大河原町,2.0,38.07254,140.70265,2,1991,船水館前橋,町道館前1号線,大河原町,大河原町,335.0,BR0-043214-00038,3,2
"38.06864,140.70658",BR0-043214-00039,不明,上館前橋,町道舘前1号線,399.0,大河原町,宮城県,大河原町,2.0,38.06864,140.70658,2,不明,上館前橋,町道舘前1号線,大河原町,大河原町,399.0,BR0-043214-00039,3,2
"38.06434,140.70968",BR0-043214-00040,1991,船水作業場前橋,町道館前2号線,335.0,大河原町,宮城県,大河原町,2.0,38.06434,140.70968,2,1991,船水作業場前橋,町道館前2号線,大河原町,大河原町,335.0,BR0-043214-00040,3,2
"38.06405,140.71019",BR0-043214-00041,不明,迫橋,町道舘前3号線,399.0,大河原町,宮城県,大河原町,2.0,38.06405,140.71019,2,不明,迫橋,町道舘前3号線,大河原町,大河原町,399.0,BR0-043214-00041,3,2
"38.06220,140.71260",BR0-043214-00042,1989,船水迫入橋,町道迫入線,335.0,大河原町,宮城県,大河原町,2.0,38.0622,140.7126,2,1989,船水迫入橋,町道迫入線,大河原町,大河原町,335.0,BR0-043214-00042,3,2
"38.06181,140.71356",BR0-043214-00043,2004,黒水神山橋,町道神山線,335.0,大河原町,宮城県,大河原町,1.0,38.06181,140.71356,1,2004,黒水神山橋,町道神山線,大河原町,大河原町,335.0,BR0-043214-00043,3,1
"38.06037,140.71466",BR0-043214-00044,1967,黒水白坂前橋,町道金ヶ瀬西浦線,310.0,大河原町,宮城県,大河原町,1.0,38.06037,140.71466,1,1967,黒水白坂前橋,町道金ヶ瀬西浦線,大河原町,大河原町,310.0,BR0-043214-00044,3,1
"38.06064,140.71669",BR0-043214-00045,1967,黒水学校裏橋,町道金改36号線,310.0,大河原町,宮城県,大河原町,1.0,38.06064,140.71669,1,1967,黒水学校裏橋,町道金改36号線,大河原町,大河原町,310.0,BR0-043214-00045,3,1
"38.06083,140.71917",BR0-043214-00046,1991,黒水大高山下橋,町道台部白坂線,335.0,大河原町,宮城県,大河原町,2.0,38.06083,140.71917,2,1991,黒水大高山下橋,町道台部白坂線,大河原町,大河原町,335.0,BR0-043214-00046,3,2
"38.06132,140.71956",BR0-043214-00047,不明,黒水大高山上橋,町道台部白坂線,310.0,大河原町,宮城県,大河原町,2.0,38.06132,140.71956,2,不明,黒水大高山上橋,町道台部白坂線,大河原町,大河原町,310.0,BR0-043214-00047,3,2
"38.06236,140.71835",BR0-043214-00048,不明,青木小沼橋,町道金改32号線,310.0,大河原町,宮城県,大河原町,2.0,38.06236,140.71835,2,不明,青木小沼橋,町道金改32号線,大河原町,大河原町,310.0,BR0-043214-00048,3,2
"38.06349,140.71702",BR0-043214-00049,1967,運南新葉茂木１号橋,町道金改17号線,310.0,大河原町,宮城県,大河原町,2.0,38.06349,140.71702,2,1967,運南新葉茂木１号橋,町道金改17号線,大河原町,大河原町,310.0,BR0-043214-00049,3,2
"38.06441,140.71595",BR0-043214-00050,1967,新葉茂木橋,町道金改18号線,310.0,大河原町,宮城県,大河原町,2.0,38.06441,140.71595,2,1967,新葉茂木橋,町道金改18号線,大河原町,大河原町,310.0,BR0-043214-00050,3,2
"38.06132,140.72124",BR0-043214-00051,1967,三吉新前輪２号橋,町道金改22号線,310.0,大河原町,宮城県,大河原町,2.0,38.06132,140.72124,2,1967,三吉新前輪２号橋,町道金改22号線,大河原町,大河原町,310.0,BR0-043214-00051,3,2
"38.06155,140.72302",BR0-043214-00052,不明,新堀袖谷地３号橋,町道新東橋本1号線,310.0,大河原町,宮城県,大河原町,2.0,38.06155,140.72302,2,不明,新堀袖谷地３号橋,町道新東橋本1号線,大河原町,大河原町,310.0,BR0-043214-00052,3,2
"38.06140,140.72129",BR0-043214-00053,不明,青木西２号橋,町道新東橋本1号線,310.0,大河原町,宮城県,大河原町,2.0,38.0614,140.72129,2,不明,青木西２号橋,町道新東橋本1号線,大河原町,大河原町,310.0,BR0-043214-00053,3,2
"38.06176,140.72469",BR0-043214-00054,不明,新堀火の崎橋,町道新東橋本2号線,310.0,大河原町,宮城県,大河原町,2.0,38.06176,140.72469,2,不明,新堀火の崎橋,町道新東橋本2号線,大河原町,大河原町,310.0,BR0-043214-00054,3,2
"38.06230,140.72615",BR0-043214-00055,不明,青木西１号橋,町道新東橋本2号線,321.0,大河原町,宮城県,大河原町,2.0,38.0623,140.72615,2,不明,青木西１号橋,町道新東橋本2号線,大河原町,大河原町,321.0,BR0-043214-00055,3,2
"38.06143,140.72776",BR0-043214-00056,1985,新堀火の崎２号橋,町道大耕横9号線,335.0,大河原町,宮城県,大河原町,2.0,38.06143,140.72776,2,1985,新堀火の崎２号橋,町道大耕横9号線,大河原町,大河原町,335.0,BR0-043214-00056,3,2
"38.06272,140.73037",BR0-043214-00057,2001,青木堤生活センター橋,町道小山田堤線,335.0,大河原町,宮城県,大河原町,1.0,38.06272,140.73037,1,2001,青木堤生活センター橋,町道小山田堤線,大河原町,大河原町,335.0,BR0-043214-00057,3,1
"38.06307,140.73472",BR0-043214-00058,不明,小山田南橋,町道小山田堤線,335.0,大河原町,宮城県,大河原町,1.0,38.06307,140.73472,1,不明,小山田南橋,町道小山田堤線,大河原町,大河原町,335.0,BR0-043214-00058,3,1
"38.06464,140.72910",BR0-043214-00060,不明,小島裏橋,町道嶋舘線,335.0,大河原町,宮城県,大河原町,1.0,38.06464,140.7291,1,不明,小島裏橋,町道嶋舘線,大河原町,大河原町,335.0,BR0-043214-00060,3,1
"38.06488,140.72873",BR0-043214-00061,1993,千塚堀福田下３号橋,町道千改12号線,335.0,大河原町,宮城県,大河原町,2.0,38.06488,140.72873,2,1993,千塚堀福田下３号橋,町道千改12号線,大河原町,大河原町,335.0,BR0-043214-00061,3,2
"38.06614,140.72548",BR0-043214-00062,1967,福田九蔵橋,町道千改17号線,310.0,大河原町,宮城県,大河原町,2.0,38.06614,140.72548,2,1967,福田九蔵橋,町道千改17号線,大河原町,大河原町,310.0,BR0-043214-00062,3,2
"38.06655,140.72363",BR0-043214-00063,1984,福田宮下橋,町道福橋線,310.0,大河原町,宮城県,大河原町,1.0,38.06655,140.72363,1,1984,福田宮下橋,町道福橋線,大河原町,大河原町,310.0,BR0-043214-00063,3,1
"38.06910,140.71892",BR0-043214-00064,1993,千塚堀福田下２号橋,町道福橋線,335.0,大河原町,宮城県,大河原町,2.0,38.0691,140.71892,2,1993,千塚堀福田下２号橋,町道福橋線,大河原町,大河原町,335.0,BR0-043214-00064,3,2
"38.06993,140.71779",BR0-043214-00065,1984,福田橋,町道千改19号線,310.0,大河原町,宮城県,大河原町,1.0,38.06993,140.71779,1,1984,福田橋,町道千改19号線,大河原町,大河原町,310.0,BR0-043214-00065,3,1
"38.07057,140.71690",BR0-043214-00066,1984,千塚堀福田下１号橋,町道千改11号線,310.0,大河原町,宮城県,大河原町,2.0,38.07057,140.7169,2,1984,千塚堀福田下１号橋,町道千改11号線,大河原町,大河原町,310.0,BR0-043214-00066,3,2
"38.05659,140.72736",BR0-043214-00067,1990,新堀袖谷地１号橋,町道袖谷地線,335.0,大河原町,宮城県,大河原町,2.0,38.05659,140.72736,2,1990,新堀袖谷地１号橋,町道袖谷地線,大河原町,大河原町,335.0,BR0-043214-00067,3,2
"38.05582,140.72880",BR0-043214-00068,1990,新堀袖谷地２号橋,町道袖谷地線,335.0,大河原町,宮城県,大河原町,2.0,38.05582,140.7288,2,1990,新堀袖谷地２号橋,町道袖谷地線,大河原町,大河原町,335.0,BR0-043214-00068,3,2
"38.05479,140.72579",BR0-043214-00069,1993,小山田北下橋,町道千改7号線,310.0,大河原町,宮城県,大河原町,2.0,38.05479,140.72579,2,1993,小山田北下橋,町道千改7号線,大河原町,大河原町,310.0,BR0-043214-00069,3,2
"38.05114,140.72265",BR0-043214-00070,1967,小山田北中橋,町道千改6号線,310.0,大河原町,宮城県,大河原町,2.0,38.05114,140.72265,2,1967,小山田北中橋,町道千改6号線,大河原町,大河原町,310.0,BR0-043214-00070,3,2
"38.04319,140.70263",BR0-043214-00071,1994,小山田北上橋,町道千改5号線,310.0,大河原町,宮城県,大河原町,3.0,38.04319,140.70263,3,1994,小山田北上橋,町道千改5号線,大河原町,大河原町,310.0,BR0-043214-00071,3,3
"38.04189,140.70238",BR0-043214-00072,不明,鴻の巣３号橋,町道五輪鴻の巣線,310.0,大河原町,宮城県,大河原町,2.0,38.04189,140.70238,2,不明,鴻の巣３号橋,町道五輪鴻の巣線,大河原町,大河原町,310.0,BR0-043214-00072,3,2
"38.03827,140.69834",BR0-043214-00073,不明,矢作橋,町道矢作別線,310.0,大河原町,宮城県,大河原町,2.0,38.03827,140.69834,2,不明,矢作橋,町道矢作別線,大河原町,大河原町,310.0,BR0-043214-00073,3,2
"38.03869,140.70071",BR0-043214-00074,1992,小山田南２号橋,町道姥窪線,335.0,大河原町,宮城県,大河原町,2.0,38.03869,140.70071,2,1992,小山田南２号橋,町道姥窪線,大河原町,大河原町,335.0,BR0-043214-00074,3,2
"38.03866,140.70071",BR0-043214-00075,1992,小山田南３号橋,町道千改3号線,335.0,大河原町,宮城県,大河原町,2.0,38.03866,140.70071,2,1992,小山田南３号橋,町道千改3号線,大河原町,大河原町,335.0,BR0-043214-00075,3,2
"38.06359,140.74008",BR0-043214-00076,1995,小山田堀支線南３号橋,町道千改2号線,321.0,大河原町,宮城県,大河原町,3.0,38.06359,140.74008,3,1995,小山田堀支線南３号橋,町道千改2号線,大河原町,大河原町,321.0,BR0-043214-00076,3,3
"38.05993,140.75064",BR0-043214-00077,1992,小山田南４号橋,町道千改2号線,335.0,大河原町,宮城県,大河原町,2.0,38.05993,140.75064,2,1992,小山田南４号橋,町道千改2号線,大河原町,大河原町,335.0,BR0-043214-00077,3,2
"38.03394,140.71166",BR0-043214-00078,1995,小山田堀支線南１号橋,町道千改1号線,321.0,大河原町,宮城県,大河原町,2.0,38.03394,140.71166,2,1995,小山田堀支線南１号橋,町道千改1号線,大河原町,大河原町,321.0,BR0-043214-00078,3,2
"38.03512,140.71288",BR0-043214-00079,1990,小山田南５号橋,町道千改1号線,335.0,大河原町,宮城県,大河原町,2.0,38.03512,140.71288,2,1990,小山田南５号橋,町道千改1号線,大河原町,大河原町,335.0,BR0-043214-00079,3,2
"38.03520,140.71430",BR0-043214-00080,2011,小山田南１号橋,町道天神山線,335.0,大河原町,宮城県,大河原町,1.0,38.0352,140.7143,1,2011,小山田南１号橋,町道天神山線,大河原町,大河原町,335.0,BR0-043214-00080,3,1
"38.03426,140.71561",BR0-043214-00081,1993,橋本丑墓橋,町道千改8号線,335.0,大河原町,宮城県,大河原町,2.0,38.03426,140.71561,2,1993,橋本丑墓橋,町道千改8号線,大河原町,大河原町,335.0,BR0-043214-00081,3,2
"38.03520,140.71717",BR0-043214-00082,1967,青木馬取大橋,町道金改13の別線,310.0,大河原町,宮城県,大河原町,1.0,38.0352,140.71717,1,1967,青木馬取大橋,町道金改13の別線,大河原町,大河原町,310.0,BR0-043214-00082,3,1
"38.03809,140.71686",BR0-043214-00083,1967,青木馬取前橋,町道金改11号線,310.0,大河原町,宮城県,大河原町,1.0,38.03809,140.71686,1,1967,青木馬取前橋,町道金改11号線,大河原町,大河原町,310.0,BR0-043214-00083,3,1
"38.03649,140.71650",BR0-043214-00084,1993,天神馬取前２号橋,町道金改8号線,335.0,大河原町,宮城県,大河原町,2.0,38.03649,140.7165,2,1993,天神馬取前２号橋,町道金改8号線,大河原町,大河原町,335.0,BR0-043214-00084,3,2
"38.03812,140.72577",BR0-043214-00085,不明,青木堀新宮前橋,町道金改8号線,310.0,大河原町,宮城県,大河原町,2.0,38.03812,140.72577,2,不明,青木堀新宮前橋,町道金改8号線,大河原町,大河原町,310.0,BR0-043214-00085,3,2
"38.03839,140.73176",BR0-043214-00086,1967,小沼２号橋,町道金改55号線,335.0,大河原町,宮城県,大河原町,2.0,38.03839,140.73176,2,1967,小沼２号橋,町道金改55号線,大河原町,大河原町,335.0,BR0-043214-00086,3,2
"38.03607,140.73185",BR0-043214-00087,1967,小沼１号橋,町道金改56号線,310.0,大河原町,宮城県,大河原町,2.0,38.03607,140.73185,2,1967,小沼１号橋,町道金改56号線,大河原町,大河原町,310.0,BR0-043214-00087,3,2
"38.03601,140.73040",BR0-043214-00088,不明,大井戸１号橋,町道上道明神線,335.0,大河原町,宮城県,大河原町,1.0,38.03601,140.7304,1,不明,大井戸１号橋,町道上道明神線,大河原町,大河原町,335.0,BR0-043214-00088,3,1
"38.03748,140.73363",BR0-043214-00089,不明,愛宕石橋,町道上道明神線,310.0,大河原町,宮城県,大河原町,1.0,38.03748,140.73363,1,不明,愛宕石橋,町道上道明神線,大河原町,大河原町,310.0,BR0-043214-00089,3,1
"38.07110,140.70464",BR0-043214-00090,不明,明神橋,町道上道明神線,310.0,大河原町,宮城県,大河原町,1.0,38.0711,140.70464,1,不明,明神橋,町道上道明神線,大河原町,大河原町,310.0,BR0-043214-00090,3,1
"38.03977,140.73747",BR0-043214-00091,1992,青木休坂木橋,町道金改48号線,335.0,大河原町,宮城県,大河原町,2.0,38.03977,140.73747,2,1992,青木休坂木橋,町道金改48号線,大河原町,大河原町,335.0,BR0-043214-00091,3,2
"38.03877,140.73636",BR0-043214-00092,1991,青木休坂前橋,町道北フケ青木線,335.0,大河原町,宮城県,大河原町,2.0,38.03877,140.73636,2,1991,青木休坂前橋,町道北フケ青木線,大河原町,大河原町,335.0,BR0-043214-00092,3,2
"38.03854,140.73588",BR0-043214-00093,不明,湯の沢橋,町道ドブ線,310.0,大河原町,宮城県,大河原町,1.0,38.03854,140.73588,1,不明,湯の沢橋,町道ドブ線,大河原町,大河原町,310.0,BR0-043214-00093,3,1
"38.03818,140.74046",BR0-043214-00094,1991,青木車堂木橋,町道金改50号線,335.0,大河原町,宮城県,大河原町,2.0,38.03818,140.74046,2,1991,青木車堂木橋,町道金改50号線,大河原町,大河原町,335.0,BR0-043214-00094,3,2
"38.03938,140.74099",BR0-043214-00095,1991,青木車堂１号橋,町道金改51号線,335.0,大河原町,宮城県,大河原町,2.0,38.03938,140.74099,2,1991,青木車堂１号橋,町道金改51号線,大河原町,大河原町,335.0,BR0-043214-00095,3,2
"38.04218,140.74049",BR0-043214-00096,1990,青木車堂２号橋,町道金改58号線,335.0,大河原町,宮城県,大河原町,2.0,38.04218,140.74049,2,1990,青木車堂２号橋,町道金改58号線,大河原町,大河原町,335.0,BR0-043214-00096,3,2
"38.04267,140.74178",BR0-043214-00097,1993,山椒橋,町道島青木線,335.0,大河原町,宮城県,大河原町,2.0,38.04267,140.74178,2,1993,山椒橋,町道島青木線,大河原町,大河原町,335.0,BR0-043214-00097,3,2
"38.04297,140.74237",BR0-043214-00098,不明,上大谷川前橋,町道川前線,335.0,大河原町,宮城県,大河原町,2.0,38.04297,140.74237,2,不明,上大谷川前橋,町道川前線,大河原町,大河原町,335.0,BR0-043214-00098,3,2
"38.04326,140.74290",BR0-043214-00099,不明,上原橋,町道上大谷鉄道側線,310.0,大河原町,宮城県,大河原町,2.0,38.04326,140.7429,2,不明,上原橋,町道上大谷鉄道側線,大河原町,大河原町,310.0,BR0-043214-00099,3,2
"38.04216,140.74430",BR0-043214-00100,不明,上谷中の倉橋,町道上大谷鉄道側線,310.0,大河原町,宮城県,大河原町,3.0,38.04216,140.7443,3,不明,上谷中の倉橋,町道上大谷鉄道側線,大河原町,大河原町,310.0,BR0-043214-00100,3,3
"38.04161,140.74325",BR0-043214-00101,不明,鴻の巣１号橋,町道大志田線,310.0,大河原町,宮城県,大河原町,2.0,38.04161,140.74325,2,不明,鴻の巣１号橋,町道大志田線,大河原町,大河原町,310.0,BR0-043214-00101,3,2
"38.04416,140.74437",BR0-043214-00102,1989,鴻の巣２号橋,町道大志田線,310.0,大河原町,宮城県,大河原町,2.0,38.04416,140.74437,2,1989,鴻の巣２号橋,町道大志田線,大河原町,大河原町,310.0,BR0-043214-00102,3,2
"38.04515,140.74552",BR0-043214-00103,1984,堤上橋,町道堤上線,335.0,大河原町,宮城県,大河原町,2.0,38.04515,140.74552,2,1984,堤上橋,町道堤上線,大河原町,大河原町,335.0,BR0-043214-00103,3,2
"38.04419,140.74724",BR0-043214-00104,1987,新堀大巻橋,町道大巻１号線,310.0,大河原町,宮城県,大河原町,2.0,38.04419,140.74724,2,1987,新堀大巻橋,町道大巻１号線,大河原町,大河原町,310.0,BR0-043214-00104,3,2
"38.04468,140.74795",BR0-043214-00105,1999,新堀小島橋,町道小島10号線,335.0,大河原町,宮城県,大河原町,2.0,38.04468,140.74795,2,1999,新堀小島橋,町道小島10号線,大河原町,大河原町,335.0,BR0-043214-00105,3,2
"38.04644,140.74653",BR0-043214-00106,1967,運南新葉茂木2号橋,町道金改20号支線,310.0,大河原町,宮城県,大河原町,2.0,38.04644,140.74653,2,1967,運南新葉茂木2号橋,町道金改20号支線,大河原町,大河原町,310.0,BR0-043214-00106,3,2
"38.06056,140.70361",BR0-043214-00108,不明,本屋敷橋,新寺本屋敷線,310.0,大河原町,宮城県,大河原町,2.0,38.06056,140.70361,2,不明,本屋敷橋,新寺本屋敷線,大河原町,大河原町,310.0,BR0-043214-00108,3,2
"38.14261,140.70176",BR0-043222-00003,1962,滑澤橋,町道カケストヤ線,321.0,村田町,宮城県,村田町,2.0,38.14261,140.70176,2,1962,滑澤橋,町道カケストヤ線,村田町,村田町,321.0,BR0-043222-00003,3,2
"38.11727,140.73794",BR0-043222-00008,不明,5－4橋,町道百々目木線,335.0,村田町,宮城県,村田町,2.0,38.11727,140.73794,2,不明,5－4橋,町道百々目木線,村田町,村田町,335.0,BR0-043222-00008,3,2
"38.10017,140.71000",BR0-043222-00011,不明,6－2橋,町道西町薄木線,310.0,村田町,宮城県,村田町,2.0,38.10017,140.71,2,不明,6－2橋,町道西町薄木線,村田町,村田町,310.0,BR0-043222-00011,3,2
"38.09820,140.71527",BR0-043222-00013,不明,7－2橋,町道薄木沼田線,335.0,村田町,宮城県,村田町,2.0,38.0982,140.71527,2,不明,7－2橋,町道薄木沼田線,村田町,村田町,335.0,BR0-043222-00013,3,2
"38.08855,140.74051",BR0-043222-00015,不明,8－2橋,町道元関場鹿野線,335.0,村田町,宮城県,村田町,2.0,38.08855,140.74051,2,不明,8－2橋,町道元関場鹿野線,村田町,村田町,335.0,BR0-043222-00015,3,2
"38.15935,140.77642",BR0-043222-00019,不明,52－1橋,町道沢戸線,310.0,村田町,宮城県,村田町,2.0,38.15935,140.77642,2,不明,52－1橋,町道沢戸線,村田町,村田町,310.0,BR0-043222-00019,3,2
"38.13889,140.73250",BR0-043222-00021,不明,56－1橋,町道一本松岫線,310.0,村田町,宮城県,村田町,2.0,38.13889,140.7325,2,不明,56－1橋,町道一本松岫線,村田町,村田町,310.0,BR0-043222-00021,3,2
"38.14311,140.73095",BR0-043222-00022,不明,56－2橋,町道一本松岫線,310.0,村田町,宮城県,村田町,2.0,38.14311,140.73095,2,不明,56－2橋,町道一本松岫線,村田町,村田町,310.0,BR0-043222-00022,3,2
"38.13470,140.73097",BR0-043222-00023,不明,57－1橋,町道川久保大道線,310.0,村田町,宮城県,村田町,2.0,38.1347,140.73097,2,不明,57－1橋,町道川久保大道線,村田町,村田町,310.0,BR0-043222-00023,3,2
"38.12163,140.72817",BR0-043222-00027,不明,63－2橋,町道川畑東山線,335.0,村田町,宮城県,村田町,1.0,38.12163,140.72817,1,不明,63－2橋,町道川畑東山線,村田町,村田町,335.0,BR0-043222-00027,3,1
"38.09717,140.71795",BR0-043222-00032,不明,68－1橋,町道峰崎中田線,310.0,村田町,宮城県,村田町,2.0,38.09717,140.71795,2,不明,68－1橋,町道峰崎中田線,村田町,村田町,310.0,BR0-043222-00032,3,2
"38.09595,140.72626",BR0-043222-00033,不明,69－1橋,町道関場線,321.0,村田町,宮城県,村田町,2.0,38.09595,140.72626,2,不明,69－1橋,町道関場線,村田町,村田町,321.0,BR0-043222-00033,3,2
"38.08694,140.70269",BR0-043222-00034,不明,71－1橋,町道馬場入線,310.0,村田町,宮城県,村田町,2.0,38.08694,140.70269,2,不明,71－1橋,町道馬場入線,村田町,村田町,310.0,BR0-043222-00034,3,2
"38.17285,140.76977",BR0-043222-00041,不明,107－2橋,町道寺下大耕線,310.0,村田町,宮城県,村田町,2.0,38.17285,140.76977,2,不明,107－2橋,町道寺下大耕線,村田町,村田町,310.0,BR0-043222-00041,3,2
"38.17053,140.76952",BR0-043222-00042,不明,108－1橋,町道寺下境線,310.0,村田町,宮城県,村田町,2.0,38.17053,140.76952,2,不明,108－1橋,町道寺下境線,村田町,村田町,310.0,BR0-043222-00042,3,2
"38.17270,140.77025",BR0-043222-00043,不明,108－3橋,町道寺下境線,310.0,村田町,宮城県,村田町,2.0,38.1727,140.77025,2,不明,108－3橋,町道寺下境線,村田町,村田町,310.0,BR0-043222-00043,3,2
"38.16692,140.76066",BR0-043222-00045,不明,118－1橋,町道宮根線,310.0,村田町,宮城県,村田町,2.0,38.16692,140.76066,2,不明,118－1橋,町道宮根線,村田町,村田町,310.0,BR0-043222-00045,3,2
"38.16280,140.76143",BR0-043222-00046,不明,120－1橋,町道下倉赤道線,310.0,村田町,宮城県,村田町,2.0,38.1628,140.76143,2,不明,120－1橋,町道下倉赤道線,村田町,村田町,310.0,BR0-043222-00046,3,2
"38.16521,140.75569",BR0-043222-00047,不明,124－1橋,町道宮根掘ヶ沢線,310.0,村田町,宮城県,村田町,2.0,38.16521,140.75569,2,不明,124－1橋,町道宮根掘ヶ沢線,村田町,村田町,310.0,BR0-043222-00047,3,2
"38.14970,140.73491",BR0-043222-00048,不明,132－1橋,町道無刀関蛇ヶ沢線,310.0,村田町,宮城県,村田町,2.0,38.1497,140.73491,2,不明,132－1橋,町道無刀関蛇ヶ沢線,村田町,村田町,310.0,BR0-043222-00048,3,2
"38.16555,140.75604",BR0-043222-00049,不明,139－1橋,町道宮根下倉線,310.0,村田町,宮城県,村田町,2.0,38.16555,140.75604,2,不明,139－1橋,町道宮根下倉線,村田町,村田町,310.0,BR0-043222-00049,3,2
"38.12507,140.72610",BR0-043222-00056,不明,208－1橋,町道二月田一号線,310.0,村田町,宮城県,村田町,2.0,38.12507,140.7261,2,不明,208－1橋,町道二月田一号線,村田町,村田町,310.0,BR0-043222-00056,3,2
"38.14755,140.73156",BR0-043222-00058,不明,222－1橋,町道乗越石合線,310.0,村田町,宮城県,村田町,2.0,38.14755,140.73156,2,不明,222－1橋,町道乗越石合線,村田町,村田町,310.0,BR0-043222-00058,3,2
"38.10391,140.72074",BR0-043222-00063,不明,370－1橋,町道小谷成生線,310.0,村田町,宮城県,村田町,2.0,38.10391,140.72074,2,不明,370－1橋,町道小谷成生線,村田町,村田町,310.0,BR0-043222-00063,3,2
"38.10663,140.71170",BR0-043222-00064,不明,371－1橋,町道小谷線,310.0,村田町,宮城県,村田町,2.0,38.10663,140.7117,2,不明,371－1橋,町道小谷線,村田町,村田町,310.0,BR0-043222-00064,3,2
"38.11153,140.74509",BR0-043222-00065,不明,388－1橋,町道岩井沢線,310.0,村田町,宮城県,村田町,2.0,38.11153,140.74509,2,不明,388－1橋,町道岩井沢線,村田町,村田町,310.0,BR0-043222-00065,3,2
"38.09799,140.70179",BR0-043222-00066,不明,410－1橋,町道武久市線,310.0,村田町,宮城県,村田町,2.0,38.09799,140.70179,2,不明,410－1橋,町道武久市線,村田町,村田町,310.0,BR0-043222-00066,3,2
"38.09951,140.71277",BR0-043222-00067,不明,501－1橋,町道八光沼田境線,310.0,村田町,宮城県,村田町,2.0,38.09951,140.71277,2,不明,501－1橋,町道八光沼田境線,村田町,村田町,310.0,BR0-043222-00067,3,2
"38.08448,140.71155",BR0-043222-00068,不明,523－1橋,町道八反田線,310.0,村田町,宮城県,村田町,2.0,38.08448,140.71155,2,不明,523－1橋,町道八反田線,村田町,村田町,310.0,BR0-043222-00068,3,2
"38.08871,140.74069",BR0-043222-00071,不明,543－1橋,町道下大枝線,310.0,村田町,宮城県,村田町,2.0,38.08871,140.74069,2,不明,543－1橋,町道下大枝線,村田町,村田町,310.0,BR0-043222-00071,3,2
"38.08287,140.70555",BR0-043222-00073,1995,549－1橋,町道沼田寺前線,335.0,村田町,宮城県,村田町,2.0,38.08287,140.70555,2,1995,549－1橋,町道沼田寺前線,村田町,村田町,335.0,BR0-043222-00073,3,2
"38.06978,140.73592",BR0-043222-00077,1970,577－1橋,町道伊勢神社前線,310.0,村田町,宮城県,村田町,2.0,38.06978,140.73592,2,1970,577－1橋,町道伊勢神社前線,村田町,村田町,310.0,BR0-043222-00077,3,2
"38.06114,140.74855",BR0-043222-00079,不明,586－1橋,町道上ノ山線,335.0,村田町,宮城県,村田町,2.0,38.06114,140.74855,2,不明,586－1橋,町道上ノ山線,村田町,村田町,335.0,BR0-043222-00079,3,2
"38.17676,140.72273",BR0-043249-00009,1999,山崎橋,町道宮脇・平線,321.0,川崎町,宮城県,川崎町,2.0,38.17676,140.72273,2,1999,山崎橋,町道宮脇・平線,川崎町,川崎町,321.0,BR0-043249-00009,3,2
"38.25407,140.60231",BR0-043249-00013,1991,栃原１号橋,町道所夫・栃原線,321.0,川崎町,宮城県,川崎町,2.0,38.25407,140.60231,2,1991,栃原１号橋,町道所夫・栃原線,川崎町,川崎町,321.0,BR0-043249-00013,3,2
"38.17812,140.62458",BR0-043249-00025,1988,中ノ内２号橋,町道北原・中ノ内線,310.0,川崎町,宮城県,川崎町,2.0,38.17812,140.62458,2,1988,中ノ内２号橋,町道北原・中ノ内線,川崎町,川崎町,310.0,BR0-043249-00025,3,2
"38.16921,140.71614",BR0-043249-00032,1975,高橋橋,町道支倉・村田線,312.0,川崎町,宮城県,川崎町,2.0,38.16921,140.71614,2,1975,高橋橋,町道支倉・村田線,川崎町,川崎町,312.0,BR0-043249-00032,3,2
"38.17372,140.64810",BR0-043249-00035,1973,新町橋,町道川崎・永野線,310.0,川崎町,宮城県,川崎町,3.0,38.17372,140.6481,3,1973,新町橋,町道川崎・永野線,川崎町,川崎町,310.0,BR0-043249-00035,3,3
"38.16828,140.60868",BR0-043249-00036,不明,前川枇杷落１号橋,町道前川・枇杷落線,310.0,川崎町,宮城県,川崎町,2.0,38.16828,140.60868,2,不明,前川枇杷落１号橋,町道前川・枇杷落線,川崎町,川崎町,310.0,BR0-043249-00036,3,2
"38.16979,140.60348",BR0-043249-00037,不明,前川枇杷落２号橋,町道前川・枇杷落線,310.0,川崎町,宮城県,川崎町,2.0,38.16979,140.60348,2,不明,前川枇杷落２号橋,町道前川・枇杷落線,川崎町,川崎町,310.0,BR0-043249-00037,3,2
"38.18024,140.66355",BR0-043249-00043,不明,川崎小野１号橋,町道川崎・小野線,310.0,川崎町,宮城県,川崎町,2.0,38.18024,140.66355,2,不明,川崎小野１号橋,町道川崎・小野線,川崎町,川崎町,310.0,BR0-043249-00043,3,2
"38.19710,140.59698",BR0-043249-00048,不明,野上太郎川１号橋,町道野上・太郎川線,310.0,川崎町,宮城県,川崎町,2.0,38.1971,140.59698,2,不明,野上太郎川１号橋,町道野上・太郎川線,川崎町,川崎町,310.0,BR0-043249-00048,3,2
"38.17755,140.63861",BR0-043249-00050,不明,荒町北川１号橋,町道荒町・北川線,310.0,川崎町,宮城県,川崎町,2.0,38.17755,140.63861,2,不明,荒町北川１号橋,町道荒町・北川線,川崎町,川崎町,310.0,BR0-043249-00050,3,2
"38.19290,140.60324",BR0-043249-00051,不明,野上下原１号橋,町道野上・下原線,310.0,川崎町,宮城県,川崎町,2.0,38.1929,140.60324,2,不明,野上下原１号橋,町道野上・下原線,川崎町,川崎町,310.0,BR0-043249-00051,3,2
"38.17842,140.65408",BR0-043249-00053,不明,赤萩龍雲寺１号橋,町道赤萩・龍雲寺線,310.0,川崎町,宮城県,川崎町,2.0,38.17842,140.65408,2,不明,赤萩龍雲寺１号橋,町道赤萩・龍雲寺線,川崎町,川崎町,310.0,BR0-043249-00053,3,2
"38.18243,140.66423",BR0-043249-00060,不明,高野田１号橋,町道高野田3号線,310.0,川崎町,宮城県,川崎町,2.0,38.18243,140.66423,2,不明,高野田１号橋,町道高野田3号線,川崎町,川崎町,310.0,BR0-043249-00060,3,2
"38.21498,140.72440",BR0-043249-00066,2024,追の沢橋,町道碁石・秋保線,335.0,川崎町,宮城県,川崎町,,38.21498,140.7244,other,2024,追の沢橋,町道碁石・秋保線,川崎町,川崎町,335.0,BR0-043249-00066,3,1
